[
    {
        "\u4ea7\u54c1/\u54c1\u79cd": "\u8354\u679d",
        "\u4ef7\u683c": "5.85\u5143/\u65a4",
        "\u5347/\u964d": "-",
        "\u6240\u5728\u4ea7\u5730": "\u5e7f\u4e1c\u6e5b\u6c5f\u5e02\u9042\u6eaa\u53bf",
        "\u65f6\u95f4": "2022-11-01"
    },
    {
        "\u4ea7\u54c1/\u54c1\u79cd": "\u8354\u679d",
        "\u4ef7\u683c": "6.24\u5143/\u65a4",
        "\u5347/\u964d": "-",
        "\u6240\u5728\u4ea7\u5730": "\u5e7f\u4e1c\u8302\u540d\u5e02\u7535\u767d\u533a",
        "\u65f6\u95f4": "2022-11-01"
    },
    {
        "\u4ea7\u54c1/\u54c1\u79cd": "\u8354\u679d",
        "\u4ef7\u683c": "6\u5143/\u65a4",
        "\u5347/\u964d": "-",
        "\u6240\u5728\u4ea7\u5730": "\u5e7f\u4e1c\u8302\u540d\u5e02\u8302\u5357\u533a",
        "\u65f6\u95f4": "2022-11-01"
    },
    {
        "\u4ea7\u54c1/\u54c1\u79cd": "\u7389\u8377\u5305\u8354\u679d",
        "\u4ef7\u683c": "2\u5143/\u65a4",
        "\u5347/\u964d": "-",
        "\u6240\u5728\u4ea7\u5730": "\u5e7f\u4e1c\u9633\u6c5f\u5e02\u9633\u897f\u53bf",
        "\u65f6\u95f4": "2022-11-01"
    },
    {
        "\u4ea7\u54c1/\u54c1\u79cd": "\u5983\u5b50\u7b11",
        "\u4ef7\u683c": "15.4\u5143/\u65a4",
        "\u5347/\u964d": "-",
        "\u6240\u5728\u4ea7\u5730": "\u5e7f\u4e1c\u5e7f\u5dde\u5e02\u767d\u4e91\u533a",
        "\u65f6\u95f4": "2022-11-01"
    },
    {
        "\u4ea7\u54c1/\u54c1\u79cd": "\u5983\u5b50\u7b11",
        "\u4ef7\u683c": "31.23\u5143/\u65a4",
        "\u5347/\u964d": "-",
        "\u6240\u5728\u4ea7\u5730": "\u5e7f\u4e1c\u6e5b\u6c5f\u5e02\u5434\u5ddd\u5e02",
        "\u65f6\u95f4": "2022-11-01"
    },
    {
        "\u4ea7\u54c1/\u54c1\u79cd": "\u5983\u5b50\u7b11",
        "\u4ef7\u683c": "11\u5143/\u65a4",
        "\u5347/\u964d": "-",
        "\u6240\u5728\u4ea7\u5730": "\u5e7f\u4e1c\u6e5b\u6c5f\u5e02\u5ec9\u6c5f\u5e02",
        "\u65f6\u95f4": "2022-11-01"
    },
    {
        "\u4ea7\u54c1/\u54c1\u79cd": "\u5983\u5b50\u7b11",
        "\u4ef7\u683c": "3\u5143/\u65a4",
        "\u5347/\u964d": "-",
        "\u6240\u5728\u4ea7\u5730": "\u5e7f\u4e1c\u6e5b\u6c5f\u5e02\u9042\u6eaa\u53bf",
        "\u65f6\u95f4": "2022-11-01"
    },
    {
        "\u4ea7\u54c1/\u54c1\u79cd": "\u5983\u5b50\u7b11",
        "\u4ef7\u683c": "3.18\u5143/\u65a4",
        "\u5347/\u964d": "-",
        "\u6240\u5728\u4ea7\u5730": "\u5e7f\u4e1c\u8302\u540d\u5e02\u7535\u767d\u533a",
        "\u65f6\u95f4": "2022-11-01"
    },
    {
        "\u4ea7\u54c1/\u54c1\u79cd": "\u5983\u5b50\u7b11",
        "\u4ef7\u683c": "8\u5143/\u65a4",
        "\u5347/\u964d": "-",
        "\u6240\u5728\u4ea7\u5730": "\u5e7f\u4e1c\u60e0\u5dde\u5e02\u60e0\u4e1c\u53bf",
        "\u65f6\u95f4": "2022-11-01"
    },
    {
        "\u4ea7\u54c1/\u54c1\u79cd": "\u5983\u5b50\u7b11",
        "\u4ef7\u683c": "2\u5143/\u65a4",
        "\u5347/\u964d": "-",
        "\u6240\u5728\u4ea7\u5730": "\u5e7f\u4e1c\u9633\u6c5f\u5e02\u9633\u897f\u53bf",
        "\u65f6\u95f4": "2022-11-01"
    },
    {
        "\u4ea7\u54c1/\u54c1\u79cd": "\u5983\u5b50\u7b11",
        "\u4ef7\u683c": "17.5\u5143/\u65a4",
        "\u5347/\u964d": "-",
        "\u6240\u5728\u4ea7\u5730": "\u5e7f\u4e1c\u4e1c\u839e\u5e02\u4e1c\u839e\u5e02",
        "\u65f6\u95f4": "2022-11-01"
    },
    {
        "\u4ea7\u54c1/\u54c1\u79cd": "\u6842\u5473",
        "\u4ef7\u683c": "28.91\u5143/\u65a4",
        "\u5347/\u964d": "-",
        "\u6240\u5728\u4ea7\u5730": "\u5e7f\u4e1c\u5e7f\u5dde\u5e02\u589e\u57ce\u533a",
        "\u65f6\u95f4": "2022-11-01"
    },
    {
        "\u4ea7\u54c1/\u54c1\u79cd": "\u6842\u5473",
        "\u4ef7\u683c": "18\u5143/\u65a4",
        "\u5347/\u964d": "-18.18%",
        "\u6240\u5728\u4ea7\u5730": "\u5e7f\u4e1c\u8302\u540d\u5e02\u9ad8\u5dde\u5e02",
        "\u65f6\u95f4": "2022-11-01"
    },
    {
        "\u4ea7\u54c1/\u54c1\u79cd": "\u6842\u5473",
        "\u4ef7\u683c": "19.06\u5143/\u65a4",
        "\u5347/\u964d": "-",
        "\u6240\u5728\u4ea7\u5730": "\u5e7f\u4e1c\u4e1c\u839e\u5e02\u4e1c\u839e\u5e02",
        "\u65f6\u95f4": "2022-11-01"
    },
    {
        "\u4ea7\u54c1/\u54c1\u79cd": "\u6842\u5473",
        "\u4ef7\u683c": "13.5\u5143/\u65a4",
        "\u5347/\u964d": "-",
        "\u6240\u5728\u4ea7\u5730": "\u5e7f\u4e1c\u6f6e\u5dde\u5e02\u9976\u5e73\u53bf",
        "\u65f6\u95f4": "2022-11-01"
    },
    {
        "\u4ea7\u54c1/\u54c1\u79cd": "\u4ed9\u8fdb\u5949\u8354\u679d",
        "\u4ef7\u683c": "33.33\u5143/\u65a4",
        "\u5347/\u964d": "-",
        "\u6240\u5728\u4ea7\u5730": "\u5e7f\u4e1c\u5e7f\u5dde\u5e02\u589e\u57ce\u533a",
        "\u65f6\u95f4": "2022-11-01"
    },
    {
        "\u4ea7\u54c1/\u54c1\u79cd": "\u4ed9\u8fdb\u5949\u8354\u679d",
        "\u4ef7\u683c": "34\u5143/\u65a4",
        "\u5347/\u964d": "-",
        "\u6240\u5728\u4ea7\u5730": "\u5e7f\u4e1c\u5e7f\u5dde\u5e02\u9ec4\u57d4\u533a",
        "\u65f6\u95f4": "2022-11-01"
    },
    {
        "\u4ea7\u54c1/\u54c1\u79cd": "\u79be\u8354",
        "\u4ef7\u683c": "34\u5143/\u65a4",
        "\u5347/\u964d": "-",
        "\u6240\u5728\u4ea7\u5730": "\u5e7f\u4e1c\u5e7f\u5dde\u5e02\u589e\u57ce\u533a",
        "\u65f6\u95f4": "2022-11-01"
    },
    {
        "\u4ea7\u54c1/\u54c1\u79cd": "\u79be\u8354",
        "\u4ef7\u683c": "6\u5143/\u65a4",
        "\u5347/\u964d": "-",
        "\u6240\u5728\u4ea7\u5730": "\u5e7f\u4e1c\u4e1c\u839e\u5e02\u4e1c\u839e\u5e02",
        "\u65f6\u95f4": "2022-11-01"
    },
    {
        "\u4ea7\u54c1/\u54c1\u79cd": "\u9ed1\u53f6\u8354\u679d",
        "\u4ef7\u683c": "19.8\u5143/\u65a4",
        "\u5347/\u964d": "-",
        "\u6240\u5728\u4ea7\u5730": "\u5e7f\u4e1c\u5e7f\u5dde\u5e02\u5357\u6c99\u533a",
        "\u65f6\u95f4": "2022-11-01"
    },
    {
        "\u4ea7\u54c1/\u54c1\u79cd": "\u9ed1\u53f6\u8354\u679d",
        "\u4ef7\u683c": "1.7\u5143/\u65a4",
        "\u5347/\u964d": "-",
        "\u6240\u5728\u4ea7\u5730": "\u5e7f\u4e1c\u8302\u540d\u5e02\u7535\u767d\u533a",
        "\u65f6\u95f4": "2022-11-01"
    },
    {
        "\u4ea7\u54c1/\u54c1\u79cd": "\u7cef\u7c73\u7ccd\u8354\u679d",
        "\u4ef7\u683c": "9\u5143/\u65a4",
        "\u5347/\u964d": "-",
        "\u6240\u5728\u4ea7\u5730": "\u5e7f\u4e1c\u60e0\u5dde\u5e02\u60e0\u4e1c\u53bf",
        "\u65f6\u95f4": "2022-11-01"
    },
    {
        "\u4ea7\u54c1/\u54c1\u79cd": "\u7cef\u7c73\u7ccd\u8354\u679d",
        "\u4ef7\u683c": "18.18\u5143/\u65a4",
        "\u5347/\u964d": "-",
        "\u6240\u5728\u4ea7\u5730": "\u5e7f\u4e1c\u4e1c\u839e\u5e02\u4e1c\u839e\u5e02",
        "\u65f6\u95f4": "2022-11-01"
    },
    {
        "\u4ea7\u54c1/\u54c1\u79cd": "\u7cef\u7c73\u7ccd\u8354\u679d",
        "\u4ef7\u683c": "13.93\u5143/\u65a4",
        "\u5347/\u964d": "-",
        "\u6240\u5728\u4ea7\u5730": "\u5e7f\u4e1c\u63ed\u9633\u5e02\u60e0\u6765\u53bf",
        "\u65f6\u95f4": "2022-11-01"
    },
    {
        "\u4ea7\u54c1/\u54c1\u79cd": "\u767d\u7cd6\u7f42",
        "\u4ef7\u683c": "9.5\u5143/\u65a4",
        "\u5347/\u964d": "-",
        "\u6240\u5728\u4ea7\u5730": "\u5e7f\u4e1c\u6e5b\u6c5f\u5e02\u5f90\u95fb\u53bf",
        "\u65f6\u95f4": "2022-11-01"
    },
    {
        "\u4ea7\u54c1/\u54c1\u79cd": "\u767d\u7cd6\u7f42",
        "\u4ef7\u683c": "2.6\u5143/\u65a4",
        "\u5347/\u964d": "-",
        "\u6240\u5728\u4ea7\u5730": "\u5e7f\u4e1c\u8302\u540d\u5e02\u7535\u767d\u533a",
        "\u65f6\u95f4": "2022-11-01"
    },
    {
        "\u4ea7\u54c1/\u54c1\u79cd": "\u767d\u7cd6\u7f42",
        "\u4ef7\u683c": "14.22\u5143/\u65a4",
        "\u5347/\u964d": "-35.35%",
        "\u6240\u5728\u4ea7\u5730": "\u5e7f\u4e1c\u8302\u540d\u5e02\u9ad8\u5dde\u5e02",
        "\u65f6\u95f4": "2022-11-01"
    }
]