时间,产品/品种,所在产地,价格,升/降,
2022-11-01,荔枝,广东湛江市遂溪县,5.85元/斤,-
2022-11-01,荔枝,广东茂名市电白区,6.24元/斤,-
2022-11-01,荔枝,广东茂名市茂南区,6元/斤,-
2022-11-01,玉荷包荔枝,广东阳江市阳西县,2元/斤,-
2022-11-01,妃子笑,广东广州市白云区,15.4元/斤,-
2022-11-01,妃子笑,广东湛江市吴川市,31.23元/斤,-
2022-11-01,妃子笑,广东湛江市廉江市,11元/斤,-
2022-11-01,妃子笑,广东湛江市遂溪县,3元/斤,-
2022-11-01,妃子笑,广东茂名市电白区,3.18元/斤,-
2022-11-01,妃子笑,广东惠州市惠东县,8元/斤,-
2022-11-01,妃子笑,广东阳江市阳西县,2元/斤,-
2022-11-01,妃子笑,广东东莞市东莞市,17.5元/斤,-
2022-11-01,桂味,广东广州市增城区,28.91元/斤,-
2022-11-01,桂味,广东茂名市高州市,18元/斤,-18.18%
2022-11-01,桂味,广东东莞市东莞市,19.06元/斤,-
2022-11-01,桂味,广东潮州市饶平县,13.5元/斤,-
2022-11-01,仙进奉荔枝,广东广州市增城区,33.33元/斤,-
2022-11-01,仙进奉荔枝,广东广州市黄埔区,34元/斤,-
2022-11-01,禾荔,广东广州市增城区,34元/斤,-
2022-11-01,禾荔,广东东莞市东莞市,6元/斤,-
2022-11-01,黑叶荔枝,广东广州市南沙区,19.8元/斤,-
2022-11-01,黑叶荔枝,广东茂名市电白区,1.7元/斤,-
2022-11-01,糯米糍荔枝,广东惠州市惠东县,9元/斤,-
2022-11-01,糯米糍荔枝,广东东莞市东莞市,18.18元/斤,-
2022-11-01,糯米糍荔枝,广东揭阳市惠来县,13.93元/斤,-
2022-11-01,白糖罂,广东湛江市徐闻县,9.5元/斤,-
2022-11-01,白糖罂,广东茂名市电白区,2.6元/斤,-
2022-11-01,白糖罂,广东茂名市高州市,14.22元/斤,-35.35%
